day,latency_ms,gamma,offset_ticks,beta,kappa,requote_ticks,maker_fills,swept_fills,requotes,maker_notional,taker_notional,gross_pnl,fees,net_pnl,edge_bps,markout_1s_bps,markout_5s_bps,markout_30s_bps,markout_60s_bps,markout_300s_bps,markout_n,max_abs_inv_eth,end_inv_eth,buy_eth,sell_eth,maker_bps,taker_bps
2026-08-09,1.0000,0.000000,0,0.00000000,1.0000,0,999,829,5116,884036.1604,22608.5928,-264.039586,142.779291,-406.818876,-4.48708135,-0.96794974,-0.98412597,-1.10093913,-1.16846403,-1.55457599,982,23.838819,0.000000,236.207100,236.207100,1.5000,4.5000
2026-08-09,1.0000,0.000000,0,0.00000000,1.0000,1,1534,821,3638,1090391.7680,17019.8786,-264.169616,171.217711,-435.387327,-3.93157620,-0.57390603,-0.58953108,-0.78107255,-0.93716665,-1.51787084,1517,25.494120,0.000000,288.548457,288.548457,1.5000,4.5000
2026-08-09,1.0000,0.000000,0,0.00000000,1.0000,3,1445,748,2837,1002825.3052,30178.5362,-133.212854,164.004137,-297.216991,-2.87721090,-0.56022558,-0.59445624,-0.76727801,-0.91078733,-1.44873415,1428,25.456074,0.000000,269.171334,269.171334,1.5000,4.5000
2026-08-09,1.0000,0.000000,0,0.00008052,1.0000,0,1001,830,5169,885959.2604,22608.5928,-267.939586,143.067756,-411.007341,-4.52368351,-0.97021899,-0.98636234,-1.10082848,-1.16768887,-1.55617905,984,23.838819,0.000000,236.707100,236.707100,1.5000,4.5000
2026-08-09,1.0000,0.000000,0,0.00008052,1.0000,1,1555,826,3682,1098094.3896,17044.2401,-258.491512,172.384066,-430.875578,-3.86387456,-0.57064239,-0.58673364,-0.77871466,-0.93302025,-1.53188584,1538,25.490003,0.000000,290.563501,290.563501,1.5000,4.5000
2026-08-09,1.0000,0.000000,0,0.00008052,1.0000,3,1458,752,2854,1008584.8962,30174.1664,-134.134133,164.866109,-299.000242,-2.87843690,-0.56366435,-0.59722466,-0.76632130,-0.91431929,-1.45608039,1441,25.497750,0.000000,270.671334,270.671334,1.5000,4.5000
2026-08-09,1.0000,0.000000,1,0.00000000,1.0000,0,992,822,5101,874709.4267,22620.7708,-263.171344,141.385761,-404.557105,-4.50845303,-0.96819863,-0.98021109,-1.08770552,-1.13912617,-1.56916446,975,23.845196,0.000000,233.780977,233.780977,1.5000,4.5000
2026-08-09,1.0000,0.000000,1,0.00000000,1.0000,1,1524,819,3628,1084688.3213,19127.3970,-255.715961,171.310577,-427.026537,-3.86863976,-0.57942097,-0.60239845,-0.78693667,-0.93264068,-1.51179855,1507,25.494120,0.000000,287.613734,287.613734,1.5000,4.5000
2026-08-09,1.0000,0.000000,1,0.00000000,1.0000,3,1445,746,2823,996235.6678,31258.1016,-130.715669,163.501496,-294.217165,-2.86344476,-0.55619769,-0.58823567,-0.75412313,-0.89322756,-1.46474483,1428,25.497815,0.000000,267.736611,267.736611,1.5000,4.5000
2026-08-09,1.0000,0.000000,1,0.00008052,1.0000,0,992,822,5101,874709.4267,22620.7708,-263.171344,141.385761,-404.557105,-4.50845303,-0.96819863,-0.98021109,-1.08770552,-1.13912617,-1.56916446,975,23.845196,0.000000,233.780977,233.780977,1.5000,4.5000
2026-08-09,1.0000,0.000000,1,0.00008052,1.0000,1,1524,819,3628,1084688.3213,19127.3970,-255.715961,171.310577,-427.026537,-3.86863976,-0.57942097,-0.60239845,-0.78693667,-0.93264068,-1.51179855,1507,25.494120,0.000000,287.613734,287.613734,1.5000,4.5000
2026-08-09,1.0000,0.000000,1,0.00008052,1.0000,3,1445,746,2823,996235.6678,31258.1016,-130.715669,163.501496,-294.217165,-2.86344476,-0.55619769,-0.58823567,-0.75412313,-0.89322756,-1.46474483,1428,25.497815,0.000000,267.736611,267.736611,1.5000,4.5000
2026-08-09,1.0000,5.000000,0,0.00000000,1.0000,0,270,155,4892,211270.1080,164.7910,-38.288419,31.764672,-70.053091,-3.31322270,-0.58893589,-0.66039967,-0.75682904,-0.79726698,-1.07386301,270,2.687340,0.000000,55.090546,55.090546,1.5000,4.5000
2026-08-09,1.0000,5.000000,0,0.00000000,1.0000,1,321,179,3232,251173.3476,129.5709,-44.647795,37.734309,-82.382104,-3.27819924,-0.56271438,-0.68771655,-0.76305475,-0.89506120,-1.13020840,321,2.197925,0.000000,65.482971,65.482971,1.5000,4.5000
2026-08-09,1.0000,5.000000,0,0.00000000,1.0000,3,560,220,1935,359852.3528,101.2650,-58.584583,54.023422,-112.608005,-3.12840321,-0.33144640,-0.37705173,-0.44292372,-0.57610998,-0.51763030,560,3.379422,0.000000,93.807132,93.807132,1.5000,4.5000
2026-08-09,1.0000,5.000000,0,0.00008052,1.0000,0,235,141,4891,188440.0162,214.9184,-33.550959,28.362716,-61.913675,-3.28184763,-0.63347481,-0.70680174,-0.65582894,-0.61137253,-1.17338240,235,2.505976,0.000000,49.160651,49.160651,1.5000,4.5000
2026-08-09,1.0000,5.000000,0,0.00008052,1.0000,1,323,176,3241,257299.1148,143.3511,-45.353429,38.659375,-84.012804,-3.26336233,-0.55115720,-0.65601110,-0.74371879,-0.91032157,-1.17968696,323,2.228866,0.000000,67.080795,67.080795,1.5000,4.5000
2026-08-09,1.0000,5.000000,0,0.00008052,1.0000,3,571,225,1969,371239.4277,573.7535,-51.404176,55.944103,-107.348279,-2.88715636,-0.32276112,-0.37297462,-0.45670519,-0.56820682,-0.97677496,571,3.379422,0.000000,96.891005,96.891005,1.5000,4.5000
2026-08-09,1.0000,5.000000,1,0.00000000,1.0000,0,234,150,4814,189117.8893,478.8367,-41.634069,28.583160,-70.217229,-3.70350432,-0.68839975,-0.80199775,-1.03104589,-1.27535725,-1.75343763,234,2.737275,0.000000,49.405203,49.405203,1.5000,4.5000
2026-08-09,1.0000,5.000000,1,0.00000000,1.0000,1,321,174,3188,244113.6543,136.8443,-49.027519,36.678628,-85.706147,-3.50894461,-0.53676885,-0.61959279,-0.76876926,-0.98744610,-1.47261891,321,2.549596,0.000000,63.644475,63.644475,1.5000,4.5000
2026-08-09,1.0000,5.000000,1,0.00000000,1.0000,3,480,196,1865,306997.4284,200.9894,-62.533536,46.140059,-108.673596,-3.53757016,-0.34000179,-0.40515384,-0.47767843,-0.59493393,-0.74801969,480,3.326412,0.000000,80.043730,80.043730,1.5000,4.5000
2026-08-09,1.0000,5.000000,1,0.00008052,1.0000,0,215,147,4854,178769.3245,412.9587,-33.442048,27.001230,-60.443278,-3.37328430,-0.73586910,-0.87407833,-1.00705388,-1.28259414,-1.67719357,215,2.579853,0.000000,46.691955,46.691955,1.5000,4.5000
2026-08-09,1.0000,5.000000,1,0.00008052,1.0000,1,323,178,3192,246232.2852,138.5727,-51.382218,36.997200,-88.379418,-3.58725130,-0.55758901,-0.67700610,-0.85268406,-1.02475752,-1.43212686,323,2.459830,0.000000,64.197343,64.197343,1.5000,4.5000
2026-08-09,1.0000,5.000000,1,0.00008052,1.0000,3,479,191,1856,307740.0544,124.3268,-64.600126,46.216955,-110.817082,-3.59954215,-0.32054662,-0.40434839,-0.50588748,-0.60770771,-1.07243537,479,2.863861,0.000000,80.212294,80.212294,1.5000,4.5000
2026-08-09,1.0000,20.000000,0,0.00000000,1.0000,0,45,34,5368,36529.5838,102.5509,-3.232940,5.525585,-8.758525,-2.39094051,-1.06060216,-1.30376138,-1.14132569,0.06061450,-0.09915988,45,1.053700,0.000000,9.553700,9.553700,1.5000,4.5000
2026-08-09,1.0000,20.000000,0,0.00000000,1.0000,1,70,41,3174,52649.9128,171.4197,-5.535709,7.974626,-13.510335,-2.55774222,-0.82299399,-0.88253953,-0.82654226,-0.87106123,-1.09371879,70,1.181748,0.000000,13.771505,13.771505,1.5000,4.5000
2026-08-09,1.0000,20.000000,0,0.00000000,1.0000,3,144,58,1653,86795.6873,91.1080,-13.561810,13.060352,-26.622162,-3.06400548,-0.49602722,-0.55756120,-0.63516691,-0.57685906,-1.06657211,144,1.676637,0.000000,22.654635,22.654635,1.5000,4.5000
2026-08-09,1.0000,20.000000,0,0.00008052,1.0000,0,46,33,5428,36530.4838,102.5509,-3.932940,5.525720,-9.458660,-2.58200298,-0.99784488,-1.21304122,-1.06547396,0.18976757,-0.11387869,46,1.053700,0.000000,9.553700,9.553700,1.5000,4.5000
2026-08-09,1.0000,20.000000,0,0.00008052,1.0000,1,66,42,3191,52971.2768,490.9188,-3.670791,8.166605,-11.837396,-2.21416199,-0.88077704,-0.94393140,-0.83727067,-0.87661809,-1.04187736,66,1.181748,0.000000,13.938800,13.938800,1.5000,4.5000
2026-08-09,1.0000,20.000000,0,0.00008052,1.0000,3,154,61,1686,91903.3600,157.3108,-11.970823,13.856294,-25.827117,-2.80544519,-0.46886672,-0.50944653,-0.46871415,-0.35995083,0.33848935,154,1.676637,0.000000,24.000000,24.000000,1.5000,4.5000
2026-08-09,1.0000,20.000000,1,0.00000000,1.0000,0,41,35,5358,36528.8838,102.5509,-3.432940,5.525480,-8.958420,-2.44555545,-1.13850407,-1.40536356,-1.24007441,-1.21441940,-0.70459374,41,1.053700,0.000000,9.553700,9.553700,1.5000,4.5000
2026-08-09,1.0000,20.000000,1,0.00000000,1.0000,1,68,38,3168,50953.1878,396.4992,-5.640241,7.821403,-13.461643,-2.62156290,-0.83199207,-0.89328855,-0.82025175,-0.79715927,-1.14900607,68,1.181748,0.000000,13.389360,13.389360,1.5000,4.5000
2026-08-09,1.0000,20.000000,1,0.00000000,1.0000,3,124,44,1648,76403.6332,471.5217,-6.042734,11.672730,-17.715463,-2.30444589,-0.47706031,-0.53176289,-0.47284503,-0.35072443,-0.67282695,124,1.676637,0.000000,20.043252,20.043252,1.5000,4.5000
2026-08-09,1.0000,20.000000,1,0.00008052,1.0000,0,41,35,5418,36529.6338,102.5509,-3.982940,5.525593,-9.508533,-2.59567728,-1.12576400,-1.39262217,-1.22733235,-1.16344213,-0.74260778,41,1.053700,0.000000,9.553700,9.553700,1.5000,4.5000
2026-08-09,1.0000,20.000000,1,0.00008052,1.0000,1,68,37,3167,50952.9878,396.4992,-5.840241,7.821373,-13.661613,-2.66051605,-0.81668381,-0.87798028,-0.80494348,-0.79716166,-1.17962977,68,1.181748,0.000000,13.389360,13.389360,1.5000,4.5000
2026-08-09,1.0000,20.000000,1,0.00008052,1.0000,3,119,44,1654,76179.3429,531.1549,-5.284643,11.665921,-16.950564,-2.20967987,-0.49059927,-0.54760028,-0.48620528,-0.35894970,-0.70764133,119,1.676637,0.000000,20.000583,20.000583,1.5000,4.5000
2026-08-10,1.0000,0.000000,0,0.00000000,1.0000,0,2297,2139,13263,2112168.5931,12217.3113,-373.841185,322.323079,-696.164264,-3.27701414,-1.36870474,-1.40501949,-1.31738147,-1.38697654,-1.45453368,2293,25.491330,0.000000,558.621685,558.621685,1.5000,4.5000
2026-08-10,1.0000,0.000000,0,0.00000000,1.0000,1,2784,2182,10416,2291942.5891,23224.8736,-425.203632,354.242581,-779.446214,-3.36669475,-1.13977279,-1.16005562,-1.12019620,-1.20913652,-1.26218115,2772,25.419642,0.000000,608.788167,608.788167,1.5000,4.5000
2026-08-10,1.0000,0.000000,0,0.00000000,1.0000,3,2565,1935,7941,2052766.4839,34191.7167,-391.086019,323.301245,-714.387264,-3.42310289,-1.10535355,-1.13076705,-1.07635109,-1.16744214,-1.31321631,2561,25.471913,0.000000,548.769208,548.769208,1.5000,4.5000
2026-08-10,1.0000,0.000000,0,0.00008052,1.0000,0,2306,2142,13354,2115906.6931,12217.3113,-361.841185,322.883794,-684.724979,-3.21750508,-1.37217920,-1.40542204,-1.31785663,-1.39178351,-1.43714954,2302,25.491330,0.000000,559.621685,559.621685,1.5000,4.5000
2026-08-10,1.0000,0.000000,0,0.00008052,1.0000,1,2778,2183,10426,2291827.0444,22982.6744,-365.765308,354.116260,-719.881568,-3.10989522,-1.14677537,-1.16580752,-1.12678374,-1.22641410,-1.25790326,2766,25.482581,0.000000,608.700956,608.700956,1.5000,4.5000
2026-08-10,1.0000,0.000000,0,0.00008052,1.0000,3,2573,1944,7978,2059453.1703,33138.2661,-359.521816,323.830195,-683.352011,-3.26557779,-1.11116557,-1.14018470,-1.09144632,-1.18918096,-1.31361956,2569,25.488940,0.000000,550.269208,550.269208,1.5000,4.5000
2026-08-10,1.0000,0.000000,1,0.00000000,1.0000,0,2265,2103,13190,2080709.3055,11305.3551,-385.297385,317.193806,-702.491191,-3.35796495,-1.36867721,-1.40668342,-1.31279840,-1.40862493,-1.58728180,2261,25.476900,0.000000,550.121685,550.121685,1.5000,4.5000
2026-08-10,1.0000,0.000000,1,0.00000000,1.0000,1,2747,2148,10383,2262120.4483,23999.5237,-455.060287,350.117853,-805.178140,-3.52202925,-1.14159302,-1.16234158,-1.12154914,-1.23785720,-1.43446157,2735,25.498903,0.000000,601.181967,601.181967,1.5000,4.5000
2026-08-10,1.0000,0.000000,1,0.00000000,1.0000,3,2528,1914,7880,2034234.2640,33146.9354,-423.752132,320.051261,-743.803392,-3.59780476,-1.11493063,-1.14445446,-1.10761229,-1.20898230,-1.50333873,2524,25.496101,0.000000,543.620029,543.620029,1.5000,4.5000
2026-08-10,1.0000,0.000000,1,0.00008052,1.0000,0,2265,2103,13190,2080709.3055,11305.3551,-385.297385,317.193806,-702.491191,-3.35796495,-1.36867721,-1.40668342,-1.31279840,-1.40862493,-1.58728180,2261,25.476900,0.000000,550.121685,550.121685,1.5000,4.5000
2026-08-10,1.0000,0.000000,1,0.00008052,1.0000,1,2747,2148,10383,2262120.4483,23999.5237,-455.060287,350.117853,-805.178140,-3.52202925,-1.14159302,-1.16234158,-1.12154914,-1.23785720,-1.43446157,2735,25.498903,0.000000,601.181967,601.181967,1.5000,4.5000
2026-08-10,1.0000,0.000000,1,0.00008052,1.0000,3,2528,1914,7880,2034234.2640,33146.9354,-423.752132,320.051261,-743.803392,-3.59780476,-1.11493063,-1.14445446,-1.10761229,-1.20898230,-1.50333873,2524,25.496101,0.000000,543.620029,543.620029,1.5000,4.5000
2026-08-10,1.0000,5.000000,0,0.00000000,1.0000,0,58,46,12628,51133.0467,67.2253,-9.228031,7.700208,-16.928240,-3.30627924,-0.61143665,-0.58023690,-0.44488954,-0.90147669,-1.27751513,58,1.000000,0.000000,13.500000,13.500000,1.5000,4.5000
2026-08-10,1.0000,5.000000,0,0.00000000,1.0000,1,66,51,8844,60423.5589,203.0225,-8.118623,9.154894,-17.273517,-2.84916557,-0.60138580,-0.58158728,-0.65819402,-0.96423659,-1.46071538,66,1.000000,0.000000,16.000000,16.000000,1.5000,4.5000
2026-08-10,1.0000,5.000000,0,0.00000000,1.0000,3,129,84,4838,95183.9210,343.6145,-17.560677,14.432215,-31.992892,-3.34907536,-0.51373847,-0.50095677,-0.18058574,-0.36842046,-0.72811953,129,0.887800,0.000000,25.156767,25.156768,1.5000,4.5000
2026-08-10,1.0000,5.000000,0,0.00008052,1.0000,0,58,47,12739,51132.9467,67.2253,-9.228031,7.700193,-16.928225,-3.30628276,-0.61143763,-0.58023788,-0.44489003,-0.90147571,-1.27751464,58,1.000000,0.000000,13.500000,13.500000,1.5000,4.5000
2026-08-10,1.0000,5.000000,0,0.00008052,1.0000,1,66,51,8874,60423.5589,203.0225,-8.118623,9.154894,-17.273517,-2.84916557,-0.60138580,-0.58158728,-0.65819402,-0.96423659,-1.46071538,66,1.000000,0.000000,16.000000,16.000000,1.5000,4.5000
2026-08-10,1.0000,5.000000,0,0.00008052,1.0000,3,123,80,4846,89481.1710,343.6145,-16.810677,13.576802,-30.387479,-3.38297262,-0.54701405,-0.52926424,-0.17528664,-0.30858246,-0.76370301,123,0.887800,0.000000,23.656767,23.656768,1.5000,4.5000
2026-08-10,1.0000,5.000000,1,0.00000000,1.0000,0,57,44,12618,49072.6205,256.7197,-14.659710,7.476417,-22.136127,-4.48741598,-0.49602185,-0.45022956,-0.65718787,-1.22816961,-1.60377639,57,1.000000,0.000000,13.000000,13.000000,1.5000,4.5000
2026-08-10,1.0000,5.000000,1,0.00000000,1.0000,1,68,50,8825,58563.1789,182.2791,-12.242036,8.866502,-21.108538,-3.59322049,-0.58377201,-0.58813430,-0.26154426,-0.82254224,-1.40812868,68,1.000000,0.000000,15.500000,15.500000,1.5000,4.5000
2026-08-10,1.0000,5.000000,1,0.00000000,1.0000,3,110,69,4798,85283.2634,334.7885,-21.351546,12.943144,-34.294691,-4.00554438,-0.48925571,-0.44244972,0.01470505,-0.27095347,-1.42773178,109,0.887800,0.000000,22.542059,22.542059,1.5000,4.5000
2026-08-10,1.0000,5.000000,1,0.00008052,1.0000,0,54,45,12727,49089.0685,237.0585,-14.072960,7.470037,-21.542997,-4.36746161,-0.50879617,-0.46045986,-0.65913957,-1.24210627,-1.43122571,54,1.000000,0.000000,13.000000,13.000000,1.5000,4.5000
2026-08-10,1.0000,5.000000,1,0.00008052,1.0000,1,68,50,8849,58563.1789,182.2791,-12.242036,8.866502,-21.108538,-3.59322049,-0.58377201,-0.58813430,-0.26154426,-0.82254224,-1.40812868,68,1.000000,0.000000,15.500000,15.500000,1.5000,4.5000
2026-08-10,1.0000,5.000000,1,0.00008052,1.0000,3,112,68,4817,85306.8334,314.0451,-21.424959,12.937345,-34.362305,-4.01330905,-0.48338559,-0.43783309,0.03566084,-0.26137723,-1.42528541,112,0.887800,0.000000,22.542059,22.542059,1.5000,4.5000
2026-08-10,1.0000,20.000000,0,0.00000000,1.0000,0,0,0,14809,0.0000,0.0000,0.000000,0.000000,0.000000,0.00000000,0.00000000,0.00000000,0.00000000,0.00000000,0.00000000,0,0.000000,0.000000,0.000000,0.000000,1.5000,4.5000
2026-08-10,1.0000,20.000000,0,0.00000000,1.0000,1,0,0,9278,0.0000,0.0000,0.000000,0.000000,0.000000,0.00000000,0.00000000,0.00000000,0.00000000,0.00000000,0.00000000,0,0.000000,0.000000,0.000000,0.000000,1.5000,4.5000
2026-08-10,1.0000,20.000000,0,0.00000000,1.0000,3,0,0,4888,0.0000,0.0000,0.000000,0.000000,0.000000,0.00000000,0.00000000,0.00000000,0.00000000,0.00000000,0.00000000,0,0.000000,0.000000,0.000000,0.000000,1.5000,4.5000
2026-08-10,1.0000,20.000000,0,0.00008052,1.0000,0,0,0,14858,0.0000,0.0000,0.000000,0.000000,0.000000,0.00000000,0.00000000,0.00000000,0.00000000,0.00000000,0.00000000,0,0.000000,0.000000,0.000000,0.000000,1.5000,4.5000
2026-08-10,1.0000,20.000000,0,0.00008052,1.0000,1,0,0,9314,0.0000,0.0000,0.000000,0.000000,0.000000,0.00000000,0.00000000,0.00000000,0.00000000,0.00000000,0.00000000,0,0.000000,0.000000,0.000000,0.000000,1.5000,4.5000
2026-08-10,1.0000,20.000000,0,0.00008052,1.0000,3,0,0,4900,0.0000,0.0000,0.000000,0.000000,0.000000,0.00000000,0.00000000,0.00000000,0.00000000,0.00000000,0.00000000,0,0.000000,0.000000,0.000000,0.000000,1.5000,4.5000
2026-08-10,1.0000,20.000000,1,0.00000000,1.0000,0,0,0,14809,0.0000,0.0000,0.000000,0.000000,0.000000,0.00000000,0.00000000,0.00000000,0.00000000,0.00000000,0.00000000,0,0.000000,0.000000,0.000000,0.000000,1.5000,4.5000
2026-08-10,1.0000,20.000000,1,0.00000000,1.0000,1,0,0,9278,0.0000,0.0000,0.000000,0.000000,0.000000,0.00000000,0.00000000,0.00000000,0.00000000,0.00000000,0.00000000,0,0.000000,0.000000,0.000000,0.000000,1.5000,4.5000
2026-08-10,1.0000,20.000000,1,0.00000000,1.0000,3,0,0,4888,0.0000,0.0000,0.000000,0.000000,0.000000,0.00000000,0.00000000,0.00000000,0.00000000,0.00000000,0.00000000,0,0.000000,0.000000,0.000000,0.000000,1.5000,4.5000
2026-08-10,1.0000,20.000000,1,0.00008052,1.0000,0,0,0,14858,0.0000,0.0000,0.000000,0.000000,0.000000,0.00000000,0.00000000,0.00000000,0.00000000,0.00000000,0.00000000,0,0.000000,0.000000,0.000000,0.000000,1.5000,4.5000
2026-08-10,1.0000,20.000000,1,0.00008052,1.0000,1,0,0,9314,0.0000,0.0000,0.000000,0.000000,0.000000,0.00000000,0.00000000,0.00000000,0.00000000,0.00000000,0.00000000,0,0.000000,0.000000,0.000000,0.000000,1.5000,4.5000
2026-08-10,1.0000,20.000000,1,0.00008052,1.0000,3,0,0,4900,0.0000,0.0000,0.000000,0.000000,0.000000,0.00000000,0.00000000,0.00000000,0.00000000,0.00000000,0.00000000,0,0.000000,0.000000,0.000000,0.000000,1.5000,4.5000
2026-08-11,1.0000,0.000000,0,0.00000000,1.0000,0,1884,1707,10315,1680220.3372,21077.5838,-683.193919,261.517963,-944.711882,-5.55288918,-1.44390021,-1.51079647,-1.58544169,-1.57450372,-1.78488269,1881,25.432217,0.000000,453.336819,453.336819,1.5000,4.5000
2026-08-11,1.0000,0.000000,0,0.00000000,1.0000,1,2510,1767,8093,1869607.4980,15084.5049,-686.548495,287.229152,-973.777647,-5.16677338,-1.08648300,-1.15422288,-1.29599169,-1.26930271,-1.51120793,2507,25.466771,0.000000,502.188045,502.188045,1.5000,4.5000
2026-08-11,1.0000,0.000000,0,0.00000000,1.0000,3,2383,1590,6319,1709239.0374,23389.8208,-713.874212,266.911275,-980.785487,-5.66067847,-1.05768842,-1.11608194,-1.18948949,-1.17708541,-1.45636554,2380,25.458716,0.000000,461.678359,461.678359,1.5000,4.5000
2026-08-11,1.0000,0.000000,0,0.00008052,1.0000,0,1901,1719,10505,1693352.4872,17312.7838,-687.043919,261.793626,-948.837545,-5.54659968,-1.44148355,-1.50608827,-1.58960968,-1.59057760,-1.78001795,1898,25.432217,0.000000,455.836819,455.836819,1.5000,4.5000
2026-08-11,1.0000,0.000000,0,0.00008052,1.0000,1,2521,1782,8141,1885735.9599,11720.3029,-691.101971,288.134530,-979.236501,-5.16078563,-1.09687761,-1.16431981,-1.31632610,-1.31813301,-1.56427661,2518,25.485834,0.000000,505.589483,505.589483,1.5000,4.5000
2026-08-11,1.0000,0.000000,0,0.00008052,1.0000,3,2404,1611,6387,1729304.8624,19520.8417,-713.903131,268.180108,-982.083239,-5.61567249,-1.06165740,-1.12043362,-1.21413468,-1.20325487,-1.47702452,2401,25.487502,0.000000,466.000916,466.000916,1.5000,4.5000
2026-08-11,1.0000,0.000000,1,0.00000000,1.0000,0,1869,1699,10291,1672021.6090,21820.6687,-685.230607,260.622542,-945.853149,-5.58406861,-1.45365179,-1.52281757,-1.59741505,-1.59377171,-1.76174104,1866,25.446892,0.000000,451.366709,451.366709,1.5000,4.5000
2026-08-11,1.0000,0.000000,1,0.00000000,1.0000,1,2486,1759,8099,1859566.8844,14521.6057,-717.960170,285.469755,-1003.429925,-5.35422916,-1.09548186,-1.16357768,-1.31267799,-1.29151075,-1.53365622,2483,25.472394,0.000000,499.369445,499.369445,1.5000,4.5000
2026-08-11,1.0000,0.000000,1,0.00000000,1.0000,3,2361,1583,6304,1700829.6044,22288.9664,-744.341971,265.154476,-1009.496446,-5.85854313,-1.05715525,-1.11476042,-1.18953995,-1.15425165,-1.46960835,2358,25.477445,0.000000,459.153945,459.153945,1.5000,4.5000
2026-08-11,1.0000,0.000000,1,0.00008052,1.0000,0,1869,1699,10291,1672021.6090,21820.6687,-685.230607,260.622542,-945.853149,-5.58406861,-1.45365179,-1.52281757,-1.59741505,-1.59377171,-1.76174104,1866,25.446892,0.000000,451.366709,451.366709,1.5000,4.5000
2026-08-11,1.0000,0.000000,1,0.00008052,1.0000,1,2486,1759,8099,1859566.8844,14521.6057,-717.960170,285.469755,-1003.429925,-5.35422916,-1.09548186,-1.16357768,-1.31267799,-1.29151075,-1.53365622,2483,25.472394,0.000000,499.369445,499.369445,1.5000,4.5000
2026-08-11,1.0000,0.000000,1,0.00008052,1.0000,3,2361,1583,6304,1700829.6044,22288.9664,-744.341971,265.154476,-1009.496446,-5.85854313,-1.05715525,-1.11476042,-1.18953995,-1.15425165,-1.46960835,2358,25.477445,0.000000,459.153945,459.153945,1.5000,4.5000
2026-08-11,1.0000,5.000000,0,0.00000000,1.0000,0,106,81,9856,86200.3028,112.9598,-7.637437,12.980877,-20.618314,-2.38877703,-0.92039356,-1.00616904,-1.18303258,-1.12019966,-1.87592792,106,2.500000,0.000000,23.000000,23.000000,1.5000,4.5000
2026-08-11,1.0000,5.000000,0,0.00000000,1.0000,1,123,88,6801,98040.3427,195.8678,-8.407942,14.794192,-23.202134,-2.36187181,-0.89069515,-0.96460863,-1.21698444,-1.24073968,-1.23686774,123,2.307999,0.000000,26.179035,26.179035,1.5000,4.5000
2026-08-11,1.0000,5.000000,0,0.00000000,1.0000,3,251,139,3831,171262.5272,363.3181,-19.923482,25.852872,-45.776354,-2.66721799,-0.63263247,-0.64248078,-0.86354908,-0.82982982,-1.33252869,251,2.618221,0.000000,45.719511,45.719511,1.5000,4.5000
2026-08-11,1.0000,5.000000,0,0.00008052,1.0000,0,104,78,9950,84328.0528,112.9598,-7.587437,12.700040,-20.287476,-2.40256196,-0.90730051,-0.99472553,-1.13390438,-1.11095150,-1.92231892,104,2.500000,0.000000,22.500000,22.500000,1.5000,4.5000
2026-08-11,1.0000,5.000000,0,0.00008052,1.0000,1,136,100,6850,107882.8686,378.7389,-9.330366,16.352863,-25.683229,-2.37233025,-0.84230589,-0.89386115,-1.07384446,-1.13267977,-1.82953685,136,2.697300,0.000000,28.849391,28.849391,1.5000,4.5000
2026-08-11,1.0000,5.000000,0,0.00008052,1.0000,3,211,122,3774,146341.1417,30.5350,-13.266018,21.964912,-35.230930,-2.40694996,-0.71278097,-0.78102771,-1.01025618,-0.98716547,-1.11408440,211,2.235621,0.000000,39.011845,39.011845,1.5000,4.5000
2026-08-11,1.0000,5.000000,1,0.00000000,1.0000,0,91,78,9859,82593.1455,46.3070,-8.261560,12.409810,-20.671370,-2.50139242,-1.09255595,-1.16297209,-1.42752124,-1.43582392,-1.49324984,91,2.500000,0.000000,22.024600,22.024600,1.5000,4.5000
2026-08-11,1.0000,5.000000,1,0.00000000,1.0000,1,121,93,6843,103666.3639,216.5217,-9.235423,15.647389,-24.882813,-2.39527545,-0.97571678,-1.00230903,-1.31502633,-1.16630397,-1.31147411,121,2.307999,0.000000,27.676218,27.676218,1.5000,4.5000
2026-08-11,1.0000,5.000000,1,0.00000000,1.0000,3,259,135,3828,167519.9356,380.9929,-8.040330,25.299437,-33.339767,-1.98568091,-0.52676551,-0.50535391,-0.68788455,-0.68470772,-1.63122203,259,2.618221,0.000000,44.719511,44.719511,1.5000,4.5000
2026-08-11,1.0000,5.000000,1,0.00008052,1.0000,0,89,76,9969,80710.5955,46.3070,-8.311560,12.127427,-20.438987,-2.53092762,-1.10516495,-1.17716347,-1.48943957,-1.48598998,-1.54470700,89,2.500000,0.000000,21.524600,21.524600,1.5000,4.5000
2026-08-11,1.0000,5.000000,1,0.00008052,1.0000,1,132,105,6867,115418.3587,572.7554,-6.069985,17.570494,-23.640478,-2.03812840,-0.83945170,-0.87203985,-1.04744570,-0.91161989,-1.69930236,132,2.697300,0.000000,30.912876,30.912876,1.5000,4.5000
2026-08-11,1.0000,5.000000,1,0.00008052,1.0000,3,259,134,3844,167514.4356,380.9929,-8.840330,25.298612,-34.138942,-2.03334552,-0.51440818,-0.49300371,-0.69612301,-0.70326550,-1.67847466,259,2.618221,0.000000,44.719511,44.719511,1.5000,4.5000
2026-08-11,1.0000,20.000000,0,0.00000000,1.0000,0,8,5,11634,5617.1500,0.0000,-0.650000,0.842573,-1.492573,-2.65717045,-1.93585583,-2.33641127,-1.20145427,-1.60184570,-1.06788929,8,1.000000,0.000000,1.500000,1.500000,1.5000,4.5000
2026-08-11,1.0000,20.000000,0,0.00000000,1.0000,1,10,6,7227,7496.6000,0.0000,-1.300000,1.124490,-2.424490,-3.23411947,-1.49551441,-1.81595876,-1.01437048,-1.33468362,-1.49263056,10,1.000000,0.000000,2.000000,2.000000,1.5000,4.5000
2026-08-11,1.0000,20.000000,0,0.00000000,1.0000,3,14,9,3784,9597.2727,220.9805,0.007857,1.539032,-1.531175,-1.55951898,-1.48582523,-1.71471405,-1.29411667,-1.59900509,-1.71247567,14,1.000000,0.000000,2.617399,2.617399,1.5000,4.5000
2026-08-11,1.0000,20.000000,0,0.00008052,1.0000,0,8,5,11750,5617.1500,0.0000,-0.650000,0.842573,-1.492573,-2.65717045,-1.93585583,-2.33641127,-1.20145427,-1.60184570,-1.06788929,8,1.000000,0.000000,1.500000,1.500000,1.5000,4.5000
2026-08-11,1.0000,20.000000,0,0.00008052,1.0000,1,10,6,7234,7496.6000,0.0000,-1.300000,1.124490,-2.424490,-3.23411947,-1.49551441,-1.81595876,-1.01437048,-1.33468362,-1.49263056,10,1.000000,0.000000,2.000000,2.000000,1.5000,4.5000
2026-08-11,1.0000,20.000000,0,0.00008052,1.0000,3,14,9,3785,9597.2727,220.9805,0.007857,1.539032,-1.531175,-1.55951898,-1.48582523,-1.71471405,-1.29411667,-1.59900509,-1.71247567,14,1.000000,0.000000,2.617399,2.617399,1.5000,4.5000
2026-08-11,1.0000,20.000000,1,0.00000000,1.0000,0,8,5,11634,5617.2000,0.0000,-0.600000,0.842580,-1.442580,-2.56814783,-1.86906628,-2.26962172,-1.13467185,-1.53507755,-1.00115324,8,1.000000,0.000000,1.500000,1.500000,1.5000,4.5000
2026-08-11,1.0000,20.000000,1,0.00000000,1.0000,1,10,6,7227,7496.6500,0.0000,-1.250000,1.124497,-2.374497,-3.16741144,-1.44208277,-1.76252711,-0.96094454,-1.28126910,-1.43924172,10,1.000000,0.000000,2.000000,2.000000,1.5000,4.5000
2026-08-11,1.0000,20.000000,1,0.00000000,1.0000,3,14,8,3784,9597.2227,220.9805,-0.042143,1.539025,-1.581168,-1.61044510,-1.52399476,-1.75288358,-1.33228009,-1.63714813,-1.75057184,14,1.000000,0.000000,2.617399,2.617399,1.5000,4.5000
2026-08-11,1.0000,20.000000,1,0.00008052,1.0000,0,8,5,11750,5617.2000,0.0000,-0.600000,0.842580,-1.442580,-2.56814783,-1.86906628,-2.26962172,-1.13467185,-1.53507755,-1.00115324,8,1.000000,0.000000,1.500000,1.500000,1.5000,4.5000
2026-08-11,1.0000,20.000000,1,0.00008052,1.0000,1,10,6,7234,7496.6500,0.0000,-1.250000,1.124497,-2.374497,-3.16741144,-1.44208277,-1.76252711,-0.96094454,-1.28126910,-1.43924172,10,1.000000,0.000000,2.000000,2.000000,1.5000,4.5000
2026-08-11,1.0000,20.000000,1,0.00008052,1.0000,3,14,8,3784,9597.2227,220.9805,-0.042143,1.539025,-1.581168,-1.61044510,-1.52399476,-1.75288358,-1.33228009,-1.63714813,-1.75057184,14,1.000000,0.000000,2.617399,2.617399,1.5000,4.5000
2026-08-12,1.0000,0.000000,0,0.00000000,1.0000,0,2562,2354,13307,2332235.9190,46186.0302,69.978184,370.619101,-300.640918,-1.26403525,-1.34737000,-1.39935354,-1.49942481,-1.57812350,-1.68033752,2558,25.487480,0.000000,628.533764,628.533764,1.5000,4.5000
2026-08-12,1.0000,0.000000,0,0.00000000,1.0000,1,3168,2468,10652,2617213.7064,46060.0614,52.799275,413.309084,-360.509809,-1.35363406,-1.13445074,-1.20348708,-1.34283083,-1.40281019,-1.29904066,3158,25.437383,0.000000,703.890556,703.890556,1.5000,4.5000
2026-08-12,1.0000,0.000000,0,0.00000000,1.0000,3,2913,2199,8340,2349974.1222,47848.8059,61.807379,374.028081,-312.220702,-1.30210074,-1.09804659,-1.16382101,-1.37563591,-1.44860474,-1.57580508,2902,25.458263,0.000000,633.698607,633.698608,1.5000,4.5000
2026-08-12,1.0000,0.000000,0,0.00008052,1.0000,0,2571,2359,13401,2338059.7240,46210.8396,87.960754,371.503836,-283.543082,-1.18922360,-1.34583623,-1.39353280,-1.49266109,-1.57081728,-1.64161376,2567,25.447065,0.000000,630.076464,630.076464,1.5000,4.5000
2026-08-12,1.0000,0.000000,0,0.00008052,1.0000,1,3171,2471,10672,2621015.8109,46074.3546,55.510555,413.885831,-358.375276,-1.34369389,-1.13663407,-1.20277207,-1.34088820,-1.39722953,-1.26467973,3161,25.444988,0.000000,704.898161,704.898161,1.5000,4.5000
2026-08-12,1.0000,0.000000,0,0.00008052,1.0000,3,2914,2200,8362,2353156.9505,47233.8092,88.532343,374.228757,-285.696414,-1.19020794,-1.09928982,-1.16083978,-1.37095106,-1.44108750,-1.52750032,2904,25.394458,0.000000,634.371395,634.371395,1.5000,4.5000
2026-08-12,1.0000,0.000000,1,0.00000000,1.0000,0,2517,2320,13198,2298680.4915,46582.2959,68.621782,365.764107,-297.142325,-1.26698947,-1.35482366,-1.41040909,-1.51179475,-1.58584360,-1.69184123,2513,25.470571,0.000000,619.761143,619.761143,1.5000,4.5000
2026-08-12,1.0000,0.000000,1,0.00000000,1.0000,1,3167,2445,10660,2597624.2875,46600.8719,1.453252,410.614035,-409.160784,-1.54737497,-1.12507329,-1.19743320,-1.34066916,-1.38315363,-1.32921014,3157,25.412448,0.000000,698.859436,698.859436,1.5000,4.5000
2026-08-12,1.0000,0.000000,1,0.00000000,1.0000,3,2888,2172,8323,2325966.7362,47904.6146,74.335090,370.452087,-296.116997,-1.24740120,-1.10132668,-1.17311138,-1.39261833,-1.44678472,-1.63195067,2877,25.487957,0.000000,627.372832,627.372832,1.5000,4.5000
2026-08-12,1.0000,0.000000,1,0.00008052,1.0000,0,2517,2320,13198,2298680.4915,46582.2959,68.621782,365.764107,-297.142325,-1.26698947,-1.35482366,-1.41040909,-1.51179475,-1.58584360,-1.69184123,2513,25.470571,0.000000,619.761143,619.761143,1.5000,4.5000
2026-08-12,1.0000,0.000000,1,0.00008052,1.0000,1,3167,2445,10660,2597624.2875,46600.8719,1.453252,410.614035,-409.160784,-1.54737497,-1.12507329,-1.19743320,-1.34066916,-1.38315363,-1.32921014,3157,25.412448,0.000000,698.859436,698.859436,1.5000,4.5000
2026-08-12,1.0000,0.000000,1,0.00008052,1.0000,3,2888,2172,8323,2325966.7362,47904.6146,74.335090,370.452087,-296.116997,-1.24740120,-1.10132668,-1.17311138,-1.39261833,-1.44678472,-1.63195067,2877,25.487957,0.000000,627.372832,627.372832,1.5000,4.5000
2026-08-12,1.0000,5.000000,0,0.00000000,1.0000,0,70,53,11960,57274.4222,566.4363,5.984052,8.846060,-2.862008,-0.49480727,-0.96245638,-0.92374292,-0.95901556,-1.31007458,-0.39763030,69,1.002100,0.000000,15.303476,15.303476,1.5000,4.5000
2026-08-12,1.0000,5.000000,0,0.00000000,1.0000,1,61,42,8352,45215.8932,80.1808,-1.127904,6.818465,-7.946369,-1.75431743,-0.76008380,-0.74168017,-0.64018665,-0.27297897,0.82662487,59,1.042663,0.000000,12.002100,12.002100,1.5000,4.5000
2026-08-12,1.0000,5.000000,0,0.00000000,1.0000,3,122,78,4708,94277.6082,310.2899,-8.813329,14.281272,-23.094600,-2.44160202,-0.66935131,-0.73413697,-0.61320068,-0.55151858,-0.12287898,122,0.827240,0.000000,25.049847,25.049847,1.5000,4.5000
2026-08-12,1.0000,5.000000,0,0.00008052,1.0000,0,70,53,12050,57274.4222,566.4363,5.984052,8.846060,-2.862008,-0.49480727,-0.96245638,-0.92374292,-0.95901556,-1.31007458,-0.39763030,69,1.002100,0.000000,15.303476,15.303476,1.5000,4.5000
2026-08-12,1.0000,5.000000,0,0.00008052,1.0000,1,63,43,8356,47108.1932,80.1808,-0.827904,7.102310,-7.930214,-1.68054407,-0.73516164,-0.71736142,-0.45458169,-0.11674557,0.78224676,61,1.042663,0.000000,12.502100,12.502100,1.5000,4.5000
2026-08-12,1.0000,5.000000,0,0.00008052,1.0000,3,122,78,4717,94277.6082,310.2899,-8.813329,14.281272,-23.094600,-2.44160202,-0.66935131,-0.73413697,-0.61320068,-0.55151858,-0.12287898,122,0.827240,0.000000,25.049847,25.049847,1.5000,4.5000
2026-08-12,1.0000,5.000000,1,0.00000000,1.0000,0,57,53,11944,52856.6509,3.9467,-5.704200,7.930274,-13.634474,-2.57932643,-0.97823782,-0.91025719,-0.61861287,-0.59198295,-1.03654669,55,1.002100,0.000000,14.002100,14.002100,1.5000,4.5000
2026-08-12,1.0000,5.000000,1,0.00000000,1.0000,1,70,60,8354,62566.0605,602.3419,3.986675,9.655963,-5.669288,-0.89748791,-0.82614086,-0.87166541,-0.80780804,-0.77032310,-0.42532921,69,0.784520,0.000000,16.720880,16.720880,1.5000,4.5000
2026-08-12,1.0000,5.000000,1,0.00000000,1.0000,3,110,70,4697,83829.8060,296.0447,-9.557499,12.707691,-22.265190,-2.64665258,-0.62684639,-0.67943501,-0.42985113,-0.24407226,-0.08001826,110,1.167868,0.000000,22.276260,22.276260,1.5000,4.5000
2026-08-12,1.0000,5.000000,1,0.00008052,1.0000,0,57,53,12030,52856.6509,3.9467,-5.704200,7.930274,-13.634474,-2.57932643,-0.97823782,-0.91025719,-0.61861287,-0.59198295,-1.03654669,55,1.002100,0.000000,14.002100,14.002100,1.5000,4.5000
2026-08-12,1.0000,5.000000,1,0.00008052,1.0000,1,69,60,8381,61262.2857,799.8774,4.106455,9.549288,-5.442832,-0.87699690,-0.89679366,-0.94299812,-1.24460618,-1.12864109,-0.82553459,68,0.784520,0.000000,16.427680,16.427680,1.5000,4.5000
2026-08-12,1.0000,5.000000,1,0.00008052,1.0000,3,114,77,4729,91088.7100,138.4269,-10.654321,13.725599,-24.379919,-2.67244155,-0.69790827,-0.78119207,-0.71035817,-0.92917375,-0.80295995,114,0.829340,0.000000,24.168693,24.168693,1.5000,4.5000
2026-08-12,1.0000,20.000000,0,0.00000000,1.0000,0,2,2,14155,1876.7500,0.0000,1.650000,0.281512,1.368488,7.29179433,-1.06590709,2.13439071,10.92970527,10.66211591,8.79414342,2,0.500000,0.000000,0.500000,0.500000,1.5000,4.5000
2026-08-12,1.0000,20.000000,0,0.00000000,1.0000,1,2,2,8975,1876.7000,0.0000,1.700000,0.281505,1.418495,7.55845367,-0.79927598,2.40120670,11.19686258,10.92923055,9.06111584,2,0.500000,0.000000,0.500000,0.500000,1.5000,4.5000
2026-08-12,1.0000,20.000000,0,0.00000000,1.0000,3,2,2,4871,1876.7500,0.0000,1.650000,0.281512,1.368488,7.29179433,-1.06590709,2.13439071,10.92970527,10.66211591,8.79414342,2,0.500000,0.000000,0.500000,0.500000,1.5000,4.5000
2026-08-12,1.0000,20.000000,0,0.00008052,1.0000,0,2,2,14251,1876.7500,0.0000,1.650000,0.281512,1.368488,7.29179433,-1.06590709,2.13439071,10.92970527,10.66211591,8.79414342,2,0.500000,0.000000,0.500000,0.500000,1.5000,4.5000
2026-08-12,1.0000,20.000000,0,0.00008052,1.0000,1,2,2,8965,1876.7000,0.0000,1.700000,0.281505,1.418495,7.55845367,-0.79927598,2.40120670,11.19686258,10.92923055,9.06111584,2,0.500000,0.000000,0.500000,0.500000,1.5000,4.5000
2026-08-12,1.0000,20.000000,0,0.00008052,1.0000,3,2,2,4882,1876.7500,0.0000,1.650000,0.281512,1.368488,7.29179433,-1.06590709,2.13439071,10.92970527,10.66211591,8.79414342,2,0.500000,0.000000,0.500000,0.500000,1.5000,4.5000
2026-08-12,1.0000,20.000000,1,0.00000000,1.0000,0,2,2,14155,1876.7500,0.0000,1.650000,0.281512,1.368488,7.29179433,-1.06590709,2.13439071,10.92970527,10.66211591,8.79414342,2,0.500000,0.000000,0.500000,0.500000,1.5000,4.5000
2026-08-12,1.0000,20.000000,1,0.00000000,1.0000,1,2,2,8975,1876.7000,0.0000,1.700000,0.281505,1.418495,7.55845367,-0.79927598,2.40120670,11.19686258,10.92923055,9.06111584,2,0.500000,0.000000,0.500000,0.500000,1.5000,4.5000
2026-08-12,1.0000,20.000000,1,0.00000000,1.0000,3,2,2,4871,1876.7500,0.0000,1.650000,0.281512,1.368488,7.29179433,-1.06590709,2.13439071,10.92970527,10.66211591,8.79414342,2,0.500000,0.000000,0.500000,0.500000,1.5000,4.5000
2026-08-12,1.0000,20.000000,1,0.00008052,1.0000,0,2,2,14251,1876.7500,0.0000,1.650000,0.281512,1.368488,7.29179433,-1.06590709,2.13439071,10.92970527,10.66211591,8.79414342,2,0.500000,0.000000,0.500000,0.500000,1.5000,4.5000
2026-08-12,1.0000,20.000000,1,0.00008052,1.0000,1,2,2,8965,1876.7000,0.0000,1.700000,0.281505,1.418495,7.55845367,-0.79927598,2.40120670,11.19686258,10.92923055,9.06111584,2,0.500000,0.000000,0.500000,0.500000,1.5000,4.5000
2026-08-12,1.0000,20.000000,1,0.00008052,1.0000,3,2,2,4882,1876.7500,0.0000,1.650000,0.281512,1.368488,7.29179433,-1.06590709,2.13439071,10.92970527,10.66211591,8.79414342,2,0.500000,0.000000,0.500000,0.500000,1.5000,4.5000
